ImageName,FirstMatchImage,FirstMatchScore,SecondMatchImage,SecondMatchScore,ThirdMatchImage,ThirdMatchScore,FourthMatchImage,FourthMatchScore,FifthMatchImage,FifthMatchScore
IMG001.jpg,IMG067.jpg,99,IMG136.jpg,92,IMG057.jpg,61,IMG091.jpg,60,IMG075.jpg,51
IMG002.jpg,IMG061.jpg,99,IMG016.jpg,97,IMG030.jpg,67,IMG076.jpg,66,IMG097.jpg,51
IMG003.jpg,IMG029.jpg,99,IMG092.jpg,89,IMG054.jpg,63,IMG130.jpg,53,IMG093.jpg,46
IMG004.jpg,IMG145.jpg,99,IMG008.jpg,65,IMG102.jpg,49,IMG015.jpg,32,IMG062.jpg,29
IMG005.jpg,IMG126.jpg,99,IMG006.jpg,97,IMG097.jpg,73,IMG101.jpg,71,IMG104.jpg,56
IMG006.jpg,IMG101.jpg,99,IMG005.jpg,84,IMG104.jpg,72,IMG026.jpg,52,IMG126.jpg,51
IMG007.jpg,IMG014.jpg,99,IMG114.jpg,98,IMG043.jpg,73,IMG064.jpg,73,IMG026.jpg,59
IMG008.jpg,IMG132.jpg,99,IMG004.jpg,98,IMG083.jpg,48,IMG145.jpg,48,IMG102.jpg,33
IMG009.jpg,IMG023.jpg,99,IMG149.jpg,94,IMG080.jpg,71,IMG131.jpg,70,IMG036.jpg,60
IMG010.jpg,IMG018.jpg,99,IMG140.jpg,97,IMG148.jpg,63,IMG123.jpg,62,IMG106.jpg,46
IMG011.jpg,IMG124.jpg,99,IMG039.jpg,99,IMG044.jpg,79,IMG038.jpg,75,IMG122.jpg,66
IMG012.jpg,IMG066.jpg,99,IMG147.jpg,96,IMG106.jpg,58,IMG148.jpg,48,IMG105.jpg,47
IMG013.jpg,IMG096.jpg,99,IMG113.jpg,60,IMG062.jpg,39,IMG015.jpg,22,IMG102.jpg,19
IMG014.jpg,IMG043.jpg,99,IMG007.jpg,96,IMG114.jpg,72,IMG027.jpg,72,IMG117.jpg,60
IMG015.jpg,IMG102.jpg,99,IMG062.jpg,91,IMG113.jpg,47,IMG145.jpg,46,IMG096.jpg,44
IMG016.jpg,IMG002.jpg,99,IMG030.jpg,93,IMG061.jpg,75,IMG142.jpg,64,IMG076.jpg,56
IMG017.jpg,IMG128.jpg,99,IMG020.jpg,76,IMG138.jpg,50,IMG031.jpg,43,IMG127.jpg,32
IMG018.jpg,IMG010.jpg,99,IMG123.jpg,96,IMG140.jpg,64,IMG121.jpg,57,IMG148.jpg,50
IMG019.jpg,IMG052.jpg,99,IMG109.jpg,64,IMG086.jpg,46,IMG087.jpg,45,IMG073.jpg,36
IMG020.jpg,IMG017.jpg,99,IMG031.jpg,82,IMG128.jpg,51,IMG127.jpg,40,IMG138.jpg,36
IMG021.jpg,IMG024.jpg,99,IMG142.jpg,93,IMG030.jpg,60,IMG070.jpg,54,IMG016.jpg,43
IMG022.jpg,IMG041.jpg,99,IMG098.jpg,96,IMG035.jpg,69,IMG082.jpg,65,IMG121.jpg,53
IMG023.jpg,IMG009.jpg,99,IMG131.jpg,92,IMG036.jpg,71,IMG149.jpg,69,IMG080.jpg,61
IMG024.jpg,IMG021.jpg,99,IMG070.jpg,96,IMG150.jpg,57,IMG142.jpg,46,IMG134.jpg,41
IMG025.jpg,IMG094.jpg,99,IMG060.jpg,98,IMG058.jpg,59,IMG118.jpg,47,IMG085.jpg,46
IMG026.jpg,IMG064.jpg,99,IMG104.jpg,89,IMG114.jpg,71,IMG101.jpg,63,IMG007.jpg,54
IMG027.jpg,IMG117.jpg,99,IMG043.jpg,90,IMG084.jpg,69,IMG014.jpg,69,IMG007.jpg,54
IMG028.jpg,IMG048.jpg,99,IMG141.jpg,92,IMG071.jpg,72,IMG053.jpg,68,IMG093.jpg,56
IMG029.jpg,IMG054.jpg,99,IMG003.jpg,87,IMG093.jpg,67,IMG092.jpg,47,IMG053.jpg,35
IMG030.jpg,IMG016.jpg,99,IMG142.jpg,93,IMG002.jpg,76,IMG061.jpg,63,IMG076.jpg,52
IMG031.jpg,IMG127.jpg,99,IMG020.jpg,94,IMG017.jpg,64,IMG055.jpg,52,IMG128.jpg,49
IMG032.jpg,IMG144.jpg,99,IMG083.jpg,92,IMG143.jpg,59,IMG132.jpg,54,IMG069.jpg,42
IMG033.jpg,IMG100.jpg,99,IMG046.jpg,74,IMG119.jpg,55,IMG135.jpg,45,IMG088.jpg,36
IMG034.jpg,IMG071.jpg,99,IMG035.jpg,90,IMG141.jpg,70,IMG098.jpg,60,IMG028.jpg,53
IMG035.jpg,IMG098.jpg,99,IMG034.jpg,97,IMG022.jpg,72,IMG071.jpg,67,IMG041.jpg,54
IMG036.jpg,IMG131.jpg,99,IMG095.jpg,91,IMG023.jpg,78,IMG009.jpg,65,IMG103.jpg,64
IMG037.jpg,IMG081.jpg,99,IMG068.jpg,97,IMG049.jpg,67,IMG108.jpg,56,IMG094.jpg,45
IMG038.jpg,IMG039.jpg,99,IMG129.jpg,83,IMG011.jpg,72,IMG124.jpg,58,IMG118.jpg,52
IMG039.jpg,IMG038.jpg,99,IMG011.jpg,95,IMG124.jpg,66,IMG129.jpg,61,IMG044.jpg,54
IMG040.jpg,IMG115.jpg,99,IMG112.jpg,90,IMG110.jpg,43,IMG057.jpg,37,IMG086.jpg,31
IMG041.jpg,IMG082.jpg,99,IMG022.jpg,97,IMG121.jpg,74,IMG098.jpg,64,IMG123.jpg,50
IMG042.jpg,IMG129.jpg,99,IMG118.jpg,98,IMG085.jpg,71,IMG038.jpg,64,IMG099.jpg,58
IMG043.jpg,IMG014.jpg,99,IMG027.jpg,94,IMG007.jpg,71,IMG117.jpg,69,IMG114.jpg,58
IMG044.jpg,IMG122.jpg,99,IMG124.jpg,95,IMG011.jpg,70,IMG059.jpg,69,IMG089.jpg,54
IMG045.jpg,IMG065.jpg,99,IMG105.jpg,90,IMG066.jpg,51,IMG139.jpg,49,IMG012.jpg,42
IMG046.jpg,IMG033.jpg,99,IMG135.jpg,89,IMG100.jpg,67,IMG088.jpg,64,IMG119.jpg,55
IMG047.jpg,IMG055.jpg,99,IMG078.jpg,95,IMG079.jpg,53,IMG127.jpg,48,IMG031.jpg,30
IMG048.jpg,IMG028.jpg,99,IMG053.jpg,97,IMG093.jpg,62,IMG141.jpg,53,IMG071.jpg,47
IMG049.jpg,IMG081.jpg,99,IMG094.jpg,88,IMG037.jpg,61,IMG068.jpg,51,IMG025.jpg,42
IMG050.jpg,IMG146.jpg,99,IMG138.jpg,73,IMG107.jpg,58,IMG116.jpg,43,IMG128.jpg,39
IMG051.jpg,IMG116.jpg,99,IMG072.jpg,85,IMG107.jpg,58,IMG120.jpg,50,IMG146.jpg,45
IMG052.jpg,IMG087.jpg,99,IMG019.jpg,97,IMG073.jpg,55,IMG090.jpg,41,IMG109.jpg,34
IMG053.jpg,IMG048.jpg,99,IMG093.jpg,90,IMG028.jpg,68,IMG054.jpg,61,IMG029.jpg,41
IMG054.jpg,IMG093.jpg,99,IMG029.jpg,95,IMG003.jpg,53,IMG053.jpg,49,IMG048.jpg,39
IMG055.jpg,IMG047.jpg,99,IMG127.jpg,91,IMG078.jpg,60,IMG031.jpg,48,IMG079.jpg,43
IMG056.jpg,IMG125.jpg,99,IMG080.jpg,95,IMG133.jpg,76,IMG149.jpg,71,IMG009.jpg,60
IMG057.jpg,IMG112.jpg,99,IMG136.jpg,87,IMG001.jpg,51,IMG040.jpg,42,IMG067.jpg,38
IMG058.jpg,IMG099.jpg,99,IMG060.jpg,97,IMG085.jpg,74,IMG094.jpg,64,IMG118.jpg,59
IMG059.jpg,IMG089.jpg,99,IMG122.jpg,92,IMG074.jpg,80,IMG044.jpg,74,IMG133.jpg,68
IMG060.jpg,IMG058.jpg,99,IMG025.jpg,97,IMG094.jpg,70,IMG099.jpg,60,IMG085.jpg,60
IMG061.jpg,IMG002.jpg,99,IMG076.jpg,94,IMG016.jpg,72,IMG097.jpg,60,IMG030.jpg,57
IMG062.jpg,IMG113.jpg,99,IMG015.jpg,79,IMG096.jpg,73,IMG013.jpg,71,IMG102.jpg,47
IMG063.jpg,IMG137.jpg,99,IMG130.jpg,81,IMG077.jpg,60,IMG092.jpg,51,IMG134.jpg,35
IMG064.jpg,IMG114.jpg,99,IMG026.jpg,98,IMG104.jpg,68,IMG007.jpg,65,IMG014.jpg,56
IMG065.jpg,IMG045.jpg,99,IMG139.jpg,79,IMG105.jpg,52,IMG066.jpg,43,IMG012.jpg,38
IMG066.jpg,IMG012.jpg,99,IMG105.jpg,76,IMG147.jpg,58,IMG045.jpg,50,IMG106.jpg,44
IMG067.jpg,IMG091.jpg,99,IMG001.jpg,75,IMG075.jpg,50,IMG136.jpg,41,IMG057.jpg,34
IMG068.jpg,IMG037.jpg,99,IMG108.jpg,96,IMG081.jpg,65,IMG049.jpg,57,IMG120.jpg,52
IMG069.jpg,IMG143.jpg,99,IMG088.jpg,99,IMG144.jpg,62,IMG135.jpg,56,IMG032.jpg,47
IMG070.jpg,IMG150.jpg,99,IMG024.jpg,86,IMG021.jpg,48,IMG134.jpg,44,IMG077.jpg,35
IMG071.jpg,IMG141.jpg,99,IMG034.jpg,99,IMG028.jpg,69,IMG035.jpg,61,IMG098.jpg,46
IMG072.jpg,IMG120.jpg,99,IMG051.jpg,93,IMG116.jpg,53,IMG108.jpg,50,IMG107.jpg,44
IMG073.jpg,IMG090.jpg,99,IMG087.jpg,82,IMG111.jpg,39,IMG052.jpg,36,IMG119.jpg,28
IMG074.jpg,IMG089.jpg,99,IMG133.jpg,99,IMG059.jpg,83,IMG125.jpg,76,IMG122.jpg,62
IMG075.jpg,IMG091.jpg,99,IMG079.jpg,87,IMG078.jpg,55,IMG067.jpg,46,IMG047.jpg,37
IMG076.jpg,IMG061.jpg,99,IMG097.jpg,99,IMG002.jpg,69,IMG126.jpg,62,IMG016.jpg,55
IMG077.jpg,IMG137.jpg,99,IMG134.jpg,69,IMG063.jpg,57,IMG130.jpg,39,IMG150.jpg,38
IMG078.jpg,IMG047.jpg,99,IMG079.jpg,97,IMG055.jpg,56,IMG075.jpg,50,IMG127.jpg,38
IMG079.jpg,IMG078.jpg,99,IMG075.jpg,83,IMG047.jpg,58,IMG091.jpg,46,IMG055.jpg,45
IMG080.jpg,IMG149.jpg,99,IMG056.jpg,99,IMG009.jpg,77,IMG125.jpg,72,IMG023.jpg,67
IMG081.jpg,IMG049.jpg,99,IMG037.jpg,92,IMG068.jpg,59,IMG094.jpg,53,IMG108.jpg,44
IMG082.jpg,IMG121.jpg,99,IMG041.jpg,93,IMG123.jpg,61,IMG022.jpg,60,IMG098.jpg,48
IMG083.jpg,IMG132.jpg,99,IMG032.jpg,90,IMG008.jpg,57,IMG144.jpg,48,IMG143.jpg,41
IMG084.jpg,IMG117.jpg,99,IMG103.jpg,93,IMG027.jpg,75,IMG095.jpg,63,IMG043.jpg,57
IMG085.jpg,IMG118.jpg,99,IMG099.jpg,93,IMG058.jpg,71,IMG129.jpg,60,IMG060.jpg,58
IMG086.jpg,IMG110.jpg,99,IMG109.jpg,79,IMG115.jpg,42,IMG019.jpg,38,IMG040.jpg,29
IMG087.jpg,IMG073.jpg,99,IMG052.jpg,97,IMG090.jpg,52,IMG019.jpg,42,IMG111.jpg,32
IMG088.jpg,IMG069.jpg,99,IMG135.jpg,90,IMG143.jpg,65,IMG144.jpg,55,IMG046.jpg,53
IMG089.jpg,IMG059.jpg,99,IMG074.jpg,98,IMG133.jpg,75,IMG122.jpg,71,IMG125.jpg,62
IMG090.jpg,IMG073.jpg,99,IMG111.jpg,83,IMG119.jpg,41,IMG087.jpg,37,IMG100.jpg,32
IMG091.jpg,IMG067.jpg,99,IMG075.jpg,99,IMG079.jpg,48,IMG001.jpg,47,IMG136.jpg,33
IMG092.jpg,IMG130.jpg,99,IMG003.jpg,94,IMG029.jpg,56,IMG063.jpg,52,IMG137.jpg,42
IMG093.jpg,IMG054.jpg,99,IMG053.jpg,75,IMG029.jpg,62,IMG048.jpg,52,IMG028.jpg,46
IMG094.jpg,IMG025.jpg,99,IMG049.jpg,92,IMG060.jpg,69,IMG058.jpg,63,IMG085.jpg,54
IMG095.jpg,IMG103.jpg,99,IMG036.jpg,91,IMG084.jpg,70,IMG131.jpg,64,IMG023.jpg,57
IMG096.jpg,IMG013.jpg,99,IMG113.jpg,63,IMG062.jpg,40,IMG015.jpg,23,IMG102.jpg,19
IMG097.jpg,IMG126.jpg,99,IMG076.jpg,96,IMG005.jpg,76,IMG061.jpg,62,IMG002.jpg,54
IMG098.jpg,IMG022.jpg,99,IMG035.jpg,98,IMG041.jpg,70,IMG034.jpg,63,IMG082.jpg,53
IMG099.jpg,IMG058.jpg,99,IMG085.jpg,97,IMG118.jpg,66,IMG060.jpg,59,IMG094.jpg,49
IMG100.jpg,IMG033.jpg,99,IMG119.jpg,96,IMG046.jpg,50,IMG111.jpg,40,IMG135.jpg,35
IMG101.jpg,IMG104.jpg,99,IMG006.jpg,98,IMG026.jpg,66,IMG005.jpg,61,IMG064.jpg,55
IMG102.jpg,IMG015.jpg,99,IMG145.jpg,92,IMG062.jpg,53,IMG004.jpg,49,IMG013.jpg,39
IMG103.jpg,IMG095.jpg,99,IMG084.jpg,98,IMG117.jpg,71,IMG036.jpg,64,IMG027.jpg,61
IMG104.jpg,IMG101.jpg,99,IMG026.jpg,95,IMG006.jpg,74,IMG064.jpg,73,IMG114.jpg,58
IMG105.jpg,IMG045.jpg,99,IMG066.jpg,86,IMG065.jpg,59,IMG012.jpg,51,IMG139.jpg,44
IMG106.jpg,IMG148.jpg,99,IMG147.jpg,83,IMG140.jpg,64,IMG012.jpg,52,IMG010.jpg,46
IMG107.jpg,IMG116.jpg,99,IMG146.jpg,96,IMG051.jpg,58,IMG050.jpg,57,IMG072.jpg,42
IMG108.jpg,IMG068.jpg,99,IMG120.jpg,93,IMG037.jpg,61,IMG081.jpg,50,IMG049.jpg,44
IMG109.jpg,IMG086.jpg,99,IMG019.jpg,67,IMG110.jpg,46,IMG052.jpg,37,IMG115.jpg,36
IMG110.jpg,IMG086.jpg,99,IMG115.jpg,95,IMG109.jpg,35,IMG040.jpg,35,IMG019.jpg,23
IMG111.jpg,IMG090.jpg,99,IMG119.jpg,89,IMG073.jpg,50,IMG100.jpg,47,IMG033.jpg,35
IMG112.jpg,IMG040.jpg,99,IMG057.jpg,87,IMG115.jpg,48,IMG136.jpg,42,IMG001.jpg,38
IMG113.jpg,IMG096.jpg,99,IMG013.jpg,94,IMG062.jpg,87,IMG015.jpg,38,IMG102.jpg,30
IMG114.jpg,IMG064.jpg,99,IMG007.jpg,89,IMG026.jpg,72,IMG014.jpg,68,IMG043.jpg,54
IMG115.jpg,IMG110.jpg,99,IMG040.jpg,90,IMG086.jpg,41,IMG112.jpg,39,IMG109.jpg,30
IMG116.jpg,IMG051.jpg,99,IMG107.jpg,98,IMG146.jpg,57,IMG072.jpg,47,IMG050.jpg,40
IMG117.jpg,IMG027.jpg,99,IMG084.jpg,94,IMG043.jpg,67,IMG103.jpg,62,IMG014.jpg,59
IMG118.jpg,IMG085.jpg,99,IMG042.jpg,81,IMG129.jpg,74,IMG099.jpg,63,IMG038.jpg,56
IMG119.jpg,IMG100.jpg,99,IMG111.jpg,83,IMG033.jpg,56,IMG090.jpg,43,IMG046.jpg,39
IMG120.jpg,IMG108.jpg,99,IMG072.jpg,80,IMG068.jpg,58,IMG051.jpg,43,IMG037.jpg,41
IMG121.jpg,IMG082.jpg,99,IMG123.jpg,94,IMG041.jpg,70,IMG018.jpg,57,IMG022.jpg,51
IMG122.jpg,IMG044.jpg,99,IMG059.jpg,84,IMG124.jpg,72,IMG089.jpg,63,IMG011.jpg,60
IMG123.jpg,IMG018.jpg,99,IMG121.jpg,94,IMG082.jpg,64,IMG010.jpg,62,IMG041.jpg,49
IMG124.jpg,IMG044.jpg,99,IMG011.jpg,96,IMG122.jpg,77,IMG039.jpg,66,IMG059.jpg,62
IMG125.jpg,IMG133.jpg,99,IMG056.jpg,87,IMG074.jpg,71,IMG089.jpg,59,IMG080.jpg,59
IMG126.jpg,IMG005.jpg,99,IMG097.jpg,94,IMG006.jpg,60,IMG076.jpg,58,IMG101.jpg,47
IMG127.jpg,IMG055.jpg,99,IMG031.jpg,92,IMG047.jpg,57,IMG017.jpg,45,IMG078.jpg,43
IMG128.jpg,IMG138.jpg,99,IMG017.jpg,84,IMG050.jpg,46,IMG146.jpg,33,IMG020.jpg,31
IMG129.jpg,IMG038.jpg,99,IMG042.jpg,90,IMG118.jpg,83,IMG039.jpg,73,IMG085.jpg,66
IMG130.jpg,IMG092.jpg,99,IMG063.jpg,84,IMG137.jpg,62,IMG003.jpg,56,IMG077.jpg,41
IMG131.jpg,IMG023.jpg,99,IMG036.jpg,96,IMG009.jpg,76,IMG149.jpg,63,IMG095.jpg,62
IMG132.jpg,IMG008.jpg,99,IMG083.jpg,82,IMG032.jpg,46,IMG004.jpg,41,IMG144.jpg,38
IMG133.jpg,IMG125.jpg,99,IMG074.jpg,95,IMG089.jpg,70,IMG059.jpg,66,IMG056.jpg,65
IMG134.jpg,IMG077.jpg,99,IMG150.jpg,80,IMG137.jpg,68,IMG063.jpg,47,IMG070.jpg,46
IMG135.jpg,IMG088.jpg,99,IMG046.jpg,85,IMG069.jpg,63,IMG033.jpg,55,IMG143.jpg,45
IMG136.jpg,IMG057.jpg,99,IMG001.jpg,87,IMG112.jpg,55,IMG067.jpg,46,IMG091.jpg,43
IMG137.jpg,IMG077.jpg,99,IMG063.jpg,89,IMG130.jpg,53,IMG134.jpg,46,IMG092.jpg,37
IMG138.jpg,IMG128.jpg,99,IMG050.jpg,90,IMG146.jpg,49,IMG017.jpg,44,IMG107.jpg,35
IMG139.jpg,IMG065.jpg,99,IMG045.jpg,61,IMG105.jpg,50,IMG066.jpg,35,IMG096.jpg,31
IMG140.jpg,IMG148.jpg,99,IMG010.jpg,91,IMG106.jpg,62,IMG018.jpg,60,IMG123.jpg,46
IMG141.jpg,IMG071.jpg,99,IMG028.jpg,90,IMG034.jpg,72,IMG048.jpg,54,IMG035.jpg,52
IMG142.jpg,IMG030.jpg,99,IMG021.jpg,77,IMG016.jpg,73,IMG002.jpg,58,IMG061.jpg,50
IMG143.jpg,IMG144.jpg,99,IMG069.jpg,94,IMG032.jpg,60,IMG088.jpg,56,IMG083.jpg,41
IMG144.jpg,IMG032.jpg,99,IMG143.jpg,98,IMG069.jpg,55,IMG083.jpg,49,IMG088.jpg,44
IMG145.jpg,IMG102.jpg,99,IMG004.jpg,98,IMG015.jpg,50,IMG062.jpg,39,IMG113.jpg,31
IMG146.jpg,IMG050.jpg,99,IMG107.jpg,96,IMG116.jpg,55,IMG051.jpg,46,IMG138.jpg,39
IMG147.jpg,IMG012.jpg,99,IMG106.jpg,97,IMG148.jpg,66,IMG066.jpg,62,IMG140.jpg,48
IMG148.jpg,IMG140.jpg,99,IMG106.jpg,93,IMG010.jpg,60,IMG147.jpg,52,IMG018.jpg,46
IMG149.jpg,IMG080.jpg,99,IMG009.jpg,99,IMG056.jpg,74,IMG023.jpg,74,IMG131.jpg,65
IMG150.jpg,IMG070.jpg,99,IMG134.jpg,73,IMG024.jpg,50,IMG077.jpg,50,IMG137.jpg,36